Sample_name	GEO_sample	Batch	Platform	Tissue	Slide_ID	Array_ID	Gender	Age_years	Disease_status	Gene	Genome_assembly	Mutation	Protein_change	Mutation_effect	Pathogenic	Other_comments
11D/0326	GSM1920405	GSE74432	GPL13534	Whole blood	7796806146	R05C02	Female	9	Sotos	NSD1	hg19	chr5:175,366,008-177,470,488	NA	Long deletion	YES	
11D/0328	GSM1920406	GSE74432	GPL13534	Whole blood	7796806146	R06C02	Female	7	Sotos	NSD1	hg19	chr5:175,764,262-177,059,256	NA	Long deletion	YES	
11D/6637	GSM1920407	GSE74432	GPL13534	Whole blood	7796806156	R03C01	Male	10	Sotos	NSD1	hg19	Exons 15-19 deletion	NA	Exonic deletion	YES	
11D/6718	GSM1920408	GSE74432	GPL13534	Whole blood	7796806156	R02C01	Female	10	Sotos	NSD1	hg19	c.1716delC	p.Cys573Valfs*26	Frameshift	YES	
A117	GSM1920452	GSE74432	GPL13534	Whole blood	8221924015	R05C01	Female	19.75	Weaver	EZH2	hg19	c.394C>T	p.Pro132Ser	Missense	YES	NA
A1208	GSM1920409	GSE74432	GPL13534	Whole blood	8942297063	R02C02	Female	3.5	Sotos	NSD1	hg19	c.6454C>T	p.Arg2152*	Nonsense	YES	
A120W	GSM1920446	GSE74432	GPL13534	Whole blood	8221924015	R06C01	Male	1.0833	Weaver	EZH2	hg19	c.394C>T	p.Pro132Ser	Missense	YES	NA
A123W	GSM1920447	GSE74432	GPL13534	Whole blood	8221916168	R03C02	Male	30	Weaver	EZH2	hg19	c.457_459delTAT	p.Tyr153del	In-frame deletion	YES	NA
A134W	GSM1920448	GSE74432	GPL13534	Whole blood	8221916168	R04C02	Female	10.9167	Weaver	EZH2	hg19	c.2080C>T	p.His694Tyr	Missense	YES	NA
A1359	GSM1920449	GSE74432	GPL13534	Whole blood	8942297115	R03C01	Male	2.5833	Weaver	EZH2	hg19	c.2050C>T	p.Arg684Cys	Missense	YES	NA
A212	GSM1920450	GSE74432	GPL13534	Whole blood	3999834026	R06C02	Female	17	Weaver	EZH2	hg19	c.398A>G	p.Tyr133Cys	Missense	YES	NA
DL117330	GSM1920410	GSE74432	GPL13534	Whole blood	8221924024	R05C01	Female	13.2	Sotos	NSD1	hg19	c.5445C>G	p.Tyr1815*	Nonsense	YES	
DL122057	GSM1920411	GSE74432	GPL13534	Whole blood	7497398001	R04C02	Male	3	Sotos	NSD1	hg19	c.4843delT	p.Tyr1615Thrfs*27	Frameshift	YES	
DL129940	GSM1920453	GSE74432	GPL13534	Whole blood	9647450117	R01C02	Male	43	Weaver	EZH2	hg19	c.1876G>A	p.Val626Met	Missense	YES	NA
DL151889	GSM1920412	GSE74432	GPL13534	Whole blood	8221924024	R01C01	Male	2.2	Sotos	NSD1	hg19		NA	Microdeletion	YES	microdeletion of distal 5q35.2
DL159249	GSM1920413	GSE74432	GPL13534	Whole blood	8221924015	R05C02	Female	12	Sotos	NSD1	hg19	c.6349C>T	p.Arg2117*	Nonsense	YES	
DL168744	GSM1920414	GSE74432	GPL13534	Whole blood	8221924024	R06C01	Male	2.2	Sotos	NSD1	hg19	c.1492C>T	p.Arg498*	Nonsense	YES	
DL179067	GSM1920415	GSE74432	GPL13534	Whole blood	7796806156	R01C01	Male	18	Sotos	NSD1	hg19	c.6454C>T	p.Arg2152*	Nonsense	YES	
DL199861	GSM1920456	GSE74432	GPL13534	Whole blood	8942297082	R05C01	Male	7	Sotos	NSD1	hg19	c.6412T>C	p.Cys2138Arg	Missense	YES_predicted	NA
DL208122	GSM1920454	GSE74432	GPL13534	Whole blood	8942297082	R01C02	Male	2	Sotos	NSD1	hg19	c.6437G>C	p.Cys2146Ser	Missense	YES_predicted	NA
DL38402	GSM1920416	GSE74432	GPL13534	Whole blood	8221924024	R04C01	Male	19.7	Sotos	NSD1	hg19	c.1583delA	p.Lys528Argfs*8	Frameshift	YES	
DL50448	GSM1920417	GSE74432	GPL13534	Whole blood	8221924024	R01C02	Male	8	Sotos	NSD1	hg19	c.2014_2018delACAGA	p.Thr672Glufs*9	Frameshift	YES	
DL50450	GSM1920418	GSE74432	GPL13534	Whole blood	8221924024	R02C02	Male	41	Sotos	NSD1	hg19	c.2014_2018delACAGA	p.Thr672Glufs*9	Frameshift	YES	
DL50452	GSM1920419	GSE74432	GPL13534	Whole blood	8221924024	R02C01	Female	2	Sotos	NSD1	hg19	c.2014_2018delACAGA	p.Thr672Glufs*9	Frameshift	YES	
DL76010	GSM1920420	GSE74432	GPL13534	Whole blood	9376525060	R02C02	Female	1.6	Sotos	NSD1	hg19	c.1810C>T	p.Arg604*	Nonsense	YES	
DL89813	GSM1920422	GSE74432	GPL13534	Whole blood	8221924024	R03C01	Male	10.6	Sotos	NSD1	hg19	c.1801A>T	p.Lys601*	Nonsense	YES	
DL94609	GSM1920423	GSE74432	GPL13534	Whole blood	8221924015	R04C02	Male	20	Sotos	NSD1	hg19	c.4977_4978insG	p.Arg1660Alafs*13	Frameshift	YES	
F0123	GSM1920451	GSE74432	GPL13534	Whole blood	8942297063	R01C01	Male	15.4167	Weaver	EZH2	hg19	c.553G>C	p.Asp185His	Missense	YES	NA
