Sample_name,GEO_sample,Batch,Platform,Tissue,Slide_ID,Array_ID,Gender,Age_years,Disease_status,Gene,Genome_assembly,Mutation,Protein_change,Mutation_effect,Pathogenic,Other_comments
PAT1,GSM3227764,GSE116300,GPL13534,"Peripheral blood",8655685138,R01C01,Female,2.67,Kabuki_no_gene,NA,hg19,NA,NA,NA,NA,NA
PAT10,GSM3227765,GSE116300,GPL13534,"Peripheral blood",8655685063,R05C01,Male,6.75,Kabuki_ZBTB24,ZBTB24,hg19,NA,NA,NA,NA,NA
PAT11,GSM3227766,GSE116300,GPL13534,"Peripheral blood",8655685063,R06C01,Male,1.75,Kabuki_KMT2D_KMT2B,KMT2D_and_KMT2B,hg19,NA,p.Asn4572Ser,Missense,NA,"VUS (variant of unknown significance)"
PAT12,GSM3227767,GSE116300,GPL13534,"Peripheral blood",8655685063,R01C02,Male,6.42,Kabuki,KMT2D,hg19,NA,p.Gln3861_Gln3862insGln,"In-frame insertion",NA,"VUS (variant of unknown significance)"
PAT13,GSM3227768,GSE116300,GPL13534,"Peripheral blood",8655677134,R01C01,Male,2.67,Kabuki,KMT2D,hg19,NA,p.Pro62Leu,Missense,NA,"VUS (variant of unknown significance)"
PAT14,GSM3227769,GSE116300,GPL13534,"Peripheral blood",8655677134,R02C01,Female,1,Kabuki,KMT2D,hg19,NA,p.Pro443fs,Frameshift,YES,NA
PAT15,GSM3227770,GSE116300,GPL13534,"Peripheral blood",8655677134,R03C01,Female,3,Kabuki,KMT2D,hg19,NA,p.Tyr2199fs,Frameshift,YES,NA
PAT16,GSM3227771,GSE116300,GPL13534,"Peripheral blood",8655677134,R04C01,Female,7.5,Kabuki_no_gene,NA,hg19,NA,NA,NA,NA,NA
PAT17,GSM3227772,GSE116300,GPL13534,"Peripheral blood",8655677134,R05C01,Male,8.75,Kabuki_no_gene,NA,hg19,NA,NA,NA,NA,NA
PAT18,GSM3227773,GSE116300,GPL13534,"Peripheral blood",8655677134,R06C01,Male,4.92,Kabuki_DNMT3B,DNMT3B,hg19,NA,NA,NA,NA,NA
PAT19,GSM3227774,GSE116300,GPL13534,"Peripheral blood",8655685165,R01C01,Male,5,Kabuki,KMT2D,hg19,NA,p.Ser5307fs,Frameshift,YES,NA
PAT2,GSM3227775,GSE116300,GPL13534,"Peripheral blood",8655685138,R02C01,Female,10,Kabuki_no_gene,NA,hg19,NA,NA,NA,NA,NA
PAT20,GSM3227776,GSE116300,GPL13534,"Peripheral blood",8655685165,R02C01,Male,11,Kabuki_no_gene,NA,hg19,NA,NA,NA,NA,NA
PAT21,GSM3227777,GSE116300,GPL13534,"Peripheral blood",8655685138,R01C02,Male,4.33,Kabuki,KMT2D,hg19,NA,p.Asn4403fs,Frameshift,YES,NA
PAT22,GSM3227778,GSE116300,GPL13534,"Peripheral blood",8655685165,R03C01,Male,2,Kabuki,KMT2D,hg19,NA,p.Gln4102*,Nonsense,YES,NA
PAT23,GSM3227779,GSE116300,GPL13534,"Peripheral blood",8655685165,R04C01,Female,NA,Kabuki_no_gene,NA,hg19,NA,NA,NA,NA,NA
PAT24,GSM3227780,GSE116300,GPL13534,"Peripheral blood",8655685063,R02C02,Male,3.75,Kabuki,KMT2D,hg19,NA,p.Gln3934*,Nonsense,YES,NA
PAT25,GSM3227781,GSE116300,GPL13534,"Peripheral blood",8655685165,R06C01,Female,NA,Kabuki_no_gene,NA,hg19,NA,NA,NA,NA,NA
PAT26,GSM3227782,GSE116300,GPL13534,"Peripheral blood",8655685165,R01C02,Male,5,Kabuki_no_gene,NA,hg19,NA,NA,NA,NA,NA
PAT27,GSM3227783,GSE116300,GPL13534,"Peripheral blood",8655685165,R02C02,Female,9,Kabuki_no_gene,NA,hg19,NA,NA,NA,NA,NA
PAT28,GSM3227784,GSE116300,GPL13534,"Peripheral blood",8655685165,R03C02,Male,8,Kabuki_no_gene,NA,hg19,NA,NA,NA,NA,NA
PAT29,GSM3227785,GSE116300,GPL13534,"Peripheral blood",8655677134,R01C02,Female,9,Kabuki_KMT2A,KMT2A,hg19,c.5803-1G>A,NA,"Splice site mutation",YES,NA
PAT3,GSM3227786,GSE116300,GPL13534,"Peripheral blood",8655685138,R03C01,Male,8.92,Kabuki_no_gene,NA,hg19,NA,NA,NA,NA,NA
PAT4,GSM3227787,GSE116300,GPL13534,"Peripheral blood",8655685138,R04C01,Male,2.5,Kabuki,KMT2D,hg19,c.14515+1G>T,NA,"Splice site mutation",YES,NA
PAT5,GSM3227788,GSE116300,GPL13534,"Peripheral blood",8655685138,R05C01,Female,5.58,Kabuki_HCFC1,HCFC1,hg19,NA,NA,NA,NA,NA
PAT6,GSM3227789,GSE116300,GPL13534,"Peripheral blood",8655685138,R06C01,Female,2.67,Kabuki_no_gene,NA,hg19,NA,NA,NA,NA,NA
PAT7,GSM3227790,GSE116300,GPL13534,"Peripheral blood",8655685063,R01C01,Female,1.42,Kabuki,KMT2D,hg19,NA,p.Gln4090*,Nonsense,YES,NA
PAT8,GSM3227791,GSE116300,GPL13534,"Peripheral blood",8655685063,R02C01,Male,6.75,Kabuki_KMT2A,KMT2A,hg19,NA,p.Gly1007Cys,Missense,YES_predicted,"likely pathogenic"
PAT9,GSM3227792,GSE116300,GPL13534,"Peripheral blood",8655685063,R04C01,Female,11.5,Kabuki,KMT2D,hg19,NA,p.Thr1708fs,Frameshift,YES,NA
