SampleID	Gene	Genome_assembly	Mutation	Protein_change	Mutation_effect	Pathogenic	Other_comments	Gender	Age_years	Inheritance	Birth_weight_kg	Gestational_age_weeks	Birth_weight_percentile	Height_SD	Weight_SD	OFC_SD	CNS_anomalies	Intellectual_disability	 Autism_Spectrum_Disorder	Seizures	Advanced_bone_age	Renal_anomalies	Cardiovascular_anomalies
11D_0326	NSD1	hg19	"chr5:175,366,008-177,470,488"	NA	Long deletion	YES		F	9	De novo											Yes		
11D_0328	NSD1	hg19	"chr5:175,764,262-177,059,256"	NA	Long deletion	YES		F	7	De novo								Yes			Yes	No	
DL151889	NSD1	hg19		NA	Microdeletion	YES	microdeletion of distal 5q35.2	M	2.2	De novo	4.1	41	90%	+2SD	+2SD	+2SD	N/A	Yes	No	Yes	No	Bilateral nephromegaly; pelviectasis	PDA
DL87406	NSD1	hg19	5q35.2-35.3	NA	Microdeletion	YES	"5q35.2-35.3 (RP11-67P18 to RP11-423H2), FISH BAC RP11-99N22 deleted"	M	NA	De novo	3.5	40	50%	Mean	Mean	+2SD	Normal MRI	Yes	No	No	N/A	N/A	N/A
DL38402	NSD1	hg19	c.1583delA	p.Lys528Argfs*8	Frameshift	YES		M	19.7	De novo	4.5	43	>99%	+3.5SD	+3SD	+4SD	 hydrocephalus (shunted)	Yes	No	Yes	Yes	Right kidney duplex collecting system	No
DL50448	NSD1	hg19	c.2014_2018delACAGA	p.Thr672Glufs*9	Frameshift	YES		M	8	Inherited from father	3.8	41	75%	â‰¤2SD	Mean	+2SD	N/A	Yes	No	No	Yes	No	N/A
DL50450	NSD1	hg19	c.2014_2018delACAGA	p.Thr672Glufs*9	Frameshift	YES		M	41	De novo	N/A	N/A		N/A	N/A	+2SD	N/A	Yes	No	No	N/A	N/A	N/A
DL50452	NSD1	hg19	c.2014_2018delACAGA	p.Thr672Glufs*9	Frameshift	YES		F	2	Inherited from father	3.5	38	70%	+2SD	+3SD	+2SD	N/A	Yes	No	No	Yes	No	N/A
11D/6718	NSD1	hg19	c.1716delC	p.Cys573Valfs*26	Frameshift	YES		F	10	De novo								Yes				No	
DL122057	NSD1	hg19	c.4843delT	p.Tyr1615Thrfs*27	Frameshift	YES		M	3	De novo	3.7	39	75%	+2SD	+3SD	+4SD	"septo-optic dysplasia, bifrontal polymicrogyria, arachnoid cyst"	Yes	No	Yes	No	No	dysplastic mitral valve with  prolapse and mild regurgitation
11D/6637	NSD1	hg19	Exons 15-19 deletion	NA	Exonic deletion	YES		M	10	De novo													
DL94609	NSD1	hg19	c.4977_4978insG	p.Arg1660Alafs*13	Frameshift	YES		M	20	De novo	3.2	40	25%	+2SD	+1.5SD	+3SD	 hydrocephalus (shunted)	Yes	ADD	No	Yes	bilateral nephromegaly 	No
DL159249	NSD1	hg19	c.6349C>T	p.Arg2117*	Nonsense	YES		F	12	De novo	4.5	40	>99%	+4SD	+8SD	+3SD	bilateral choroid plexus cysts	Yes	anxiety	Yes	Yes	single kidney	No
DL168744	NSD1	hg19	c.1492C>T	p.Arg498*	Nonsense	YES		M	2.2	De novo	4.3	40	97%	+2SD	+2.5SD	+2SD	Shallow pituitary fossa; minor white matter FLAIR hyperintensities	Yes	No	No	N/A	No	small secundum ASD/PFO
DL89813	NSD1	hg19	c.1801A>T	p.Lys601*	Nonsense	YES		M	10.6	De novo	4.5	40	>99%	+5SD	+2SD	+3SD	mild extraventricular obstructive hydrocephalus (EVOH)	Yes	No	Yes	Yes	N/A	VSD/ASD
DL117330	NSD1	hg19	c.5445C>G	p.Tyr1815*	Nonsense	YES		F	13.2	De novo	3	41.5	10%	+2SD	+4SD	+2SD	mild extraventricular obstructive hydrocephalus (EVOH)	Yes	ASD; ADHD	Yes	Yes	No	N/A
DL76010	NSD1	hg19	c.1810C>T	p.Arg604*	Nonsense	YES		F	1.6		1.9	34	10%	+4SD	+4SD	+5SD	"mild ventriculomegaly, mild Chiari malformation"	Yes	ASD; ADD	No	Yes	No	PDA/ASD
DL179067	NSD1	hg19	c.6454C>T	p.Arg2152*	Nonsense	YES		M	18	De novo	3.7	40	70%	+3.5SD	+4SD	+4SD	third ventricular colloid cyst	Yes	No	Yes	No	unilateral nephromegaly	N/A
A1208	NSD1	hg19	c.6454C>T	p.Arg2152*	Nonsense	YES		F	3.5	De novo													